"","datetime","comp_level_ft","temperature","conductivity"
"1",2025-05-10 03:45:00,1.8882064421539,23.467,22293.8
"2",2025-05-10 04:00:00,1.89723509226678,23.432,22264.8
"3",2025-05-10 04:15:00,1.90035823056864,23.396,22212.8
"4",2025-05-10 04:30:00,1.89478080274712,23.362,22168.1
"5",2025-05-10 04:45:00,1.88542406864474,23.345,22138.5
"6",2025-05-10 05:00:00,1.88837682455025,23.328,22115.7
"7",2025-05-10 05:15:00,1.89132958045576,23.286,22066
"8",2025-05-10 05:30:00,1.89231383242426,23.262,22025.2
"9",2025-05-10 05:45:00,1.89362616838227,23.215,21968.7
"10",2025-05-10 06:00:00,1.88951877811191,23.148,21901.5
"11",2025-05-10 06:15:00,1.89345578598592,23.098,21842.8
"12",2025-05-10 06:30:00,1.89673662588094,23.053,21796.2
"13",2025-05-10 06:45:00,1.90034554976545,23.013,21753.9
"14",2025-05-10 07:00:00,1.90165788572346,22.993,21709.4
"15",2025-05-10 07:15:00,1.89444003795442,22.977,21691
"16",2025-05-10 07:30:00,1.89345578598592,22.94,21640.9
"17",2025-05-10 07:45:00,1.89968938178645,22.896,21588.6
"18",2025-05-10 08:00:00,1.89739279385994,22.853,21547.6
"19",2025-05-10 08:15:00,1.90132980173396,22.814,21506.4
"20",2025-05-10 08:30:00,1.90100171774445,22.768,21467.8
"21",2025-05-10 08:45:00,1.90198596971296,22.723,21408.7
"22",2025-05-10 09:00:00,1.90592297758697,22.68,21371.7
"23",2025-05-10 09:15:00,1.90148750332711,22.646,21324.2
"24",2025-05-10 09:30:00,1.90575259519063,22.597,21288.4
"25",2025-05-10 09:45:00,1.89967670098325,22.591,21287.9
"26",2025-05-10 10:00:00,1.90262945688876,22.62,21323
"27",2025-05-10 10:15:00,1.90098903694126,22.701,21402
"28",2025-05-10 10:30:00,1.89738011305674,22.776,21457.9
"29",2025-05-10 10:45:00,1.90411217524312,22.778,21453.4
"30",2025-05-10 11:00:00,1.89672394507774,22.783,21457.8
"31",2025-05-10 11:15:00,1.89770819704624,22.814,21503.2
"32",2025-05-10 11:30:00,1.89622547869188,22.883,21574.7
"33",2025-05-10 11:45:00,1.88358790469449,23.166,21930.6
"34",2025-05-10 12:00:00,1.883915988684,23.458,22281.4
"35",2025-05-10 12:15:00,1.87965089682047,23.695,22534.8
"36",2025-05-10 12:30:00,1.87916511123782,23.862,22726.4
"37",2025-05-10 12:45:00,1.88360058549769,23.99,22864
"38",2025-05-10 13:00:00,1.87736698969716,24.085,22995.1
"39",2025-05-10 13:15:00,1.86883680597013,24.228,23203.8
"40",2025-05-10 13:30:00,1.87556886815651,24.337,23359.5
"41",2025-05-10 13:45:00,1.86638251645047,24.442,23492.5
"42",2025-05-10 14:00:00,1.87114607469984,24.518,23586.3
"43",2025-05-10 14:15:00,1.86622481485732,24.674,23737.3
"44",2025-05-10 14:30:00,1.86031930304629,24.862,23933.3
"45",2025-05-10 14:45:00,1.85720884554762,25.196,24202.3
"46",2025-05-10 15:00:00,1.85344222006995,25.439,24510.3
"47",2025-05-10 15:15:00,1.84491203634292,25.592,24694.3
"48",2025-05-10 15:30:00,1.84245774682325,25.783,24917.8
"49",2025-05-10 15:45:00,1.83228714314871,25.971,25148.7
"50",2025-05-10 16:00:00,1.82638163133769,26.15,25366.1
"51",2025-05-10 16:15:00,1.82211653947417,26.292,25547.4
"52",2025-05-10 16:30:00,1.82917668565005,26.373,25649.7
"53",2025-05-10 16:45:00,1.82622392974454,26.443,25741.7
"54",2025-05-10 17:00:00,1.82195883788103,26.505,25825.7
"55",2025-05-10 17:15:00,1.81802183000701,26.55,25885.2
"56",2025-05-10 17:30:00,1.82130266990202,26.576,25923.9
"57",2025-05-10 17:45:00,1.82064650192302,26.579,25947.6
"58",2025-05-10 18:00:00,1.81933416596502,26.571,25939.1
"59",2025-05-10 18:15:00,1.814084822133,26.557,25935.1
"60",2025-05-10 18:30:00,1.81178823420649,26.532,25913.6
"61",2025-05-10 18:45:00,1.81983263235086,26.494,25878.3
"62",2025-05-10 19:00:00,1.81556754048734,26.447,25845.5
"63",2025-05-10 19:15:00,1.81195861660283,26.399,25771.9
"64",2025-05-10 19:30:00,1.81753604442435,26.327,25696.8
"65",2025-05-10 19:45:00,1.81014781425898,26.258,25621.9
"66",2025-05-10 20:00:00,1.81211631819598,26.184,25555.7
"67",2025-05-10 20:15:00,1.82048880032986,26.113,25468.1
"68",2025-05-10 20:30:00,1.82278538825638,26.055,25405.9
"69",2025-05-10 20:45:00,1.81146015021699,26.008,25353.9
"70",2025-05-10 21:00:00,1.81802183000701,25.949,25304.4
"71",2025-05-10 21:15:00,1.82195883788103,25.895,25518.9
"72",2025-05-10 21:30:00,1.82589584575503,25.838,25434.6
"73",2025-05-10 21:45:00,1.82556776176554,25.78,25112.8
"74",2025-05-10 22:00:00,1.81686719564215,25.719,25037.2
"75",2025-05-10 22:15:00,1.82342887543218,25.658,24969.5
"76",2025-05-10 22:30:00,1.83425564708572,25.6,24902.1
"77",2025-05-10 22:45:00,1.82489891298334,25.547,24849
"78",2025-05-10 23:00:00,1.82785166888885,25.488,24793.7
"79",2025-05-10 23:15:00,1.83491181506472,25.439,24725.5
"80",2025-05-10 23:30:00,1.83228714314871,25.384,24691.7
"81",2025-05-10 23:45:00,1.83491181506472,25.328,24589.3
"82",2025-05-11,1.82982017282586,25.27,24511.7
"83",2025-05-11 00:15:00,1.83589606703323,25.197,24429.4
"84",2025-05-11 00:30:00,1.83163097516971,25.132,24329.3
"85",2025-05-11 00:45:00,1.83556798304373,25.066,24269.2
"86",2025-05-11 01:00:00,1.83556798304373,25.008,24211.1
"87",2025-05-11 01:15:00,1.8400034573036,24.96,24144
"88",2025-05-11 01:30:00,1.83737878538759,24.927,24100.4
"89",2025-05-11 01:45:00,1.83803495336659,24.902,24060.3
"90",2025-05-11 02:00:00,1.83639453341908,24.871,24176.7
"91",2025-05-11 02:15:00,1.83606644942958,24.833,24130.7
"92",2025-05-11 02:30:00,1.83114518958706,24.808,24077.1
"93",2025-05-11 02:45:00,1.83442602948207,24.814,24061.9
"94",2025-05-11 03:00:00,1.83639453341908,24.798,24030.6
"95",2025-05-11 03:15:00,1.83689299980493,24.788,23995.6
"96",2025-05-11 03:30:00,1.84067230608579,24.762,23938.4
"97",2025-05-11 03:45:00,1.84215502444015,24.844,23981.6
"98",2025-05-11 04:00:00,1.83624951262912,24.922,24058.7
"99",2025-05-11 04:15:00,1.83854610055563,24.819,23991.7
"100",2025-05-11 04:30:00,1.84182694045064,24.679,23840.6
"101",2025-05-11 04:45:00,1.83935997012779,24.528,23700.7
"102",2025-05-11 05:00:00,1.84592164991781,24.394,23586.2
"103",2025-05-11 05:15:00,1.84428122997031,24.272,23447.1
"104",2025-05-11 05:30:00,1.84953057380233,24.164,23335.9
"105",2025-05-11 05:45:00,1.85051482577084,24.067,23230
"106",2025-05-11 06:00:00,1.84854632183382,23.995,23160.5
"107",2025-05-11 06:15:00,1.85018674178134,23.946,23083.8
"108",2025-05-11 06:30:00,1.84657781789682,24.024,23099.7
"109",2025-05-11 06:45:00,1.84756206986533,24.153,23183.1
"110",2025-05-11 07:00:00,1.83853341975244,24.282,23295.7
"111",2025-05-11 07:15:00,1.83311369352407,24.366,23395.2
"112",2025-05-11 07:30:00,1.83672261740858,24.395,23451
"113",2025-05-11 07:45:00,1.83327139511722,24.391,23413.4
"114",2025-05-11 08:00:00,1.83917690692824,24.397,23427
"115",2025-05-11 08:15:00,1.83605376862638,24.401,23439.7
"116",2025-05-11 08:30:00,1.84556820432192,24.362,23390.3
"117",2025-05-11 08:45:00,1.84950521219594,24.138,23190.7
"118",2025-05-11 09:00:00,1.85508264001746,23.828,22934
"119",2025-05-11 09:15:00,1.8516314177261,23.621,22730.3
"120",2025-05-11 09:30:00,1.85589650958962,23.497,22619.8
"121",2025-05-11 09:45:00,1.86180202140064,23.461,22639.7
"122",2025-05-11 10:00:00,1.85933505107779,23.464,22621.2
"123",2025-05-11 10:15:00,1.8636001429413,23.509,22760.9
"124",2025-05-11 10:30:00,1.85227490490191,23.596,22755.3
"125",2025-05-11 10:45:00,1.85194682091241,23.696,22891.7
"126",2025-05-11 11:00:00,1.85391532484942,23.752,22944.3
"127",2025-05-11 11:15:00,1.85522766080743,23.786,22980.6
"128",2025-05-11 11:30:00,1.85522766080743,23.908,23148
"129",2025-05-11 11:45:00,1.85096256894391,24.083,23353.9
"130",2025-05-11 12:00:00,1.84669747708039,24.286,23532.8
"131",2025-05-11 12:15:00,1.83849537734286,24.491,23756.1
"132",2025-05-11 12:30:00,1.83258986553184,24.685,23964.4
"133",2025-05-11 12:45:00,1.8366972558022,24.867,24178.4
"134",2025-05-11 13:00:00,1.82915132404366,25.002,24329.4
"135",2025-05-11 13:15:00,1.83096212638752,25.113,24458.3
"136",2025-05-11 13:30:00,1.82472853058699,25.227,24592.7
"137",2025-05-11 13:45:00,1.81849493478647,25.372,24761.6
"138",2025-05-11 14:00:00,1.82128998909883,25.527,24921.6
"139",2025-05-11 14:15:00,1.81046321744528,25.668,25089.2
"140",2025-05-11 14:30:00,1.81424252372614,25.775,25393
"141",2025-05-11 14:45:00,1.81047589824848,25.837,25699.2
"142",2025-05-11 15:00:00,1.80063337856344,25.961,25490.1
"143",2025-05-11 15:15:00,1.79817908904378,26.115,25723.4
"144",2025-05-11 15:30:00,1.80261456330364,26.159,25716.6
"145",2025-05-11 15:45:00,1.79769330346112,26.187,26033.7
"146",2025-05-11 16:00:00,1.79720751787846,26.229,25811.9
"147",2025-05-11 16:15:00,1.80098682415933,26.269,26119.3
"148",2025-05-11 16:30:00,1.80050103857668,26.311,25950.4
"149",2025-05-11 16:45:00,1.79590786272366,26.308,26013.4
"150",2025-05-11 17:00:00,1.79065851889164,26.258,25916
"151",2025-05-11 17:15:00,1.7937816571935,26.258,25928.4
"152",2025-05-11 17:30:00,1.78951656532999,26.14,25817.1
"153",2025-05-11 17:45:00,1.8077315671489,26.088,25777.8
"154",2025-05-11 18:00:00,1.80510689523289,26.053,25751.9
"155",2025-05-11 18:15:00,1.79887329943237,25.965,25647.7
"156",2025-05-11 18:30:00,1.79821713145337,25.936,25580.1
"157",2025-05-11 18:45:00,1.79788904746386,25.993,25715.3
"158",2025-05-11 19:00:00,1.79296778762134,26.085,25750.8
"159",2025-05-11 19:15:00,1.79756096347436,26.126,25824.4
"160",2025-05-11 19:30:00,1.80149797134838,26.062,25762.9
"161",2025-05-11 19:45:00,1.80001525299403,26.006,25723.6
"162",2025-05-11 20:00:00,1.79393935878665,26.041,25777.4
"163",2025-05-11 20:15:00,1.79886061862917,26.088,25819.3
"164",2025-05-11 20:30:00,1.79475322835881,26.074,25813.1
"165",2025-05-11 20:45:00,1.80656425198085,26.02,25745.9
"166",2025-05-11 21:00:00,1.80853275591786,25.931,25665.4
"167",2025-05-11 21:15:00,1.80212877772099,25.824,25559.5
"168",2025-05-11 21:30:00,1.80097414335614,25.704,25417.4
"169",2025-05-11 21:45:00,1.80014759298078,25.616,25505.3
"170",2025-05-11 22:00:00,1.80161763053194,25.557,25199.1
"171",2025-05-11 22:15:00,1.8027595840936,25.503,25087.2
"172",2025-05-11 22:30:00,1.80833701191512,25.457,24992.5
"173",2025-05-11 22:45:00,1.80455770563426,25.417,24916.2
"174",2025-05-11 23:00:00,1.81374405734029,25.376,24850.5
"175",2025-05-11 23:15:00,1.81916378356866,25.331,24805.6
"176",2025-05-11 23:30:00,1.80652620957127,25.289,24738.2
"177",2025-05-11 23:45:00,1.8163687292563,25.246,26118.7
"178",2025-05-12,1.81258942297545,25.205,24687.5
"179",2025-05-12 00:15:00,1.79995184897805,25.16,24622.6
"180",2025-05-12 00:30:00,1.80552927679957,25.105,24808.6
"181",2025-05-12 00:45:00,1.81652643084946,25.051,24696.3
"182",2025-05-12 01:00:00,1.81455792691245,25.003,24399.7
"183",2025-05-12 01:15:00,1.81094900302794,24.957,24363.7
"184",2025-05-12 01:30:00,1.81964956915132,24.913,24300
"185",2025-05-12 01:45:00,1.81997765314082,24.866,24234.2
"186",2025-05-12 02:00:00,1.81669681324581,24.815,24170
"187",2025-05-12 02:15:00,1.81013513345578,24.766,24106.2
"188",2025-05-12 02:30:00,1.81883569957916,24.714,24038
"189",2025-05-12 02:45:00,1.81949186755816,24.666,23987.4
"190",2025-05-12 03:00:00,1.81850761558966,24.624,23928.1
"191",2025-05-12 03:15:00,1.82195883788103,24.577,23868.6
"192",2025-05-12 03:30:00,1.83065940400441,24.527,23823.6
"193",2025-05-12 03:45:00,1.83098748799391,24.463,23732.4
"194",2025-05-12 04:00:00,1.82508197618288,24.407,23657.8
"195",2025-05-12 04:15:00,1.82163075389153,24.342,23588
"196",2025-05-12 04:30:00,1.82261500586003,24.289,23512.2
"197",2025-05-12 04:45:00,1.82852051767104,24.239,23444.9
"198",2025-05-12 05:00:00,1.82917668565005,24.188,23635.2
"199",2025-05-12 05:15:00,1.8293343872432,24.145,23322.6
"200",2025-05-12 05:30:00,1.8286782192642,24.103,23278
"201",2025-05-12 05:45:00,1.82424274500434,24.053,23216.8
"202",2025-05-12 06:00:00,1.83917690692824,24.004,23156.9
"203",2025-05-12 06:15:00,1.82982017282586,23.949,23089.8
"204",2025-05-12 06:30:00,1.83030595840852,23.878,23014
"205",2025-05-12 06:45:00,1.83489913426153,23.81,22940.7
"206",2025-05-12 07:00:00,1.82915132404366,23.755,22868
"207",2025-05-12 07:15:00,1.83472875186519,23.704,22817.7
"208",2025-05-12 07:30:00,1.8370253397917,23.665,22763
"209",2025-05-12 07:45:00,1.83423028547934,23.609,22698
"210",2025-05-12 08:00:00,1.82946672722997,23.553,22631.8
"211",2025-05-12 08:15:00,1.836684574999,23.514,22578.3
"212",2025-05-12 08:30:00,1.84193391883102,23.482,22542.7
"213",2025-05-12 08:45:00,1.83520185664464,23.43,22476.9
"214",2025-05-12 09:00:00,1.84915176660005,23.372,22416.1
"215",2025-05-12 09:15:00,1.84373204037168,23.309,22335.2
"216",2025-05-12 09:30:00,1.84701288026669,23.274,22295.8
"217",2025-05-12 09:45:00,1.84570054430868,23.272,22298.7
"218",2025-05-12 10:00:00,1.84192123802782,23.332,22367
"219",2025-05-12 10:15:00,1.84028081808032,23.447,22513.2
"220",2025-05-12 10:30:00,1.83798423015381,23.607,22678.5
"221",2025-05-12 10:45:00,1.82797132807242,23.728,22800.2
"222",2025-05-12 11:00:00,1.82797132807242,23.837,22907.5
"223",2025-05-12 11:15:00,1.83059599998843,23.934,23014.3
"224",2025-05-12 11:30:00,1.82633090812491,24.027,23127.6
"225",2025-05-12 11:45:00,1.82108156429289,24.116,23226.8
"226",2025-05-12 12:00:00,1.82453278658426,24.224,23350.7
"227",2025-05-12 12:15:00,1.81386371652385,24.334,23477.4
"228",2025-05-12 12:30:00,1.80828628870233,24.475,23631.5
"229",2025-05-12 12:45:00,1.81567451886772,24.622,23813.2
"230",2025-05-12 13:00:00,1.8104251750357,24.77,23969.3
"231",2025-05-12 13:15:00,1.80681625115118,24.911,24143.8
"232",2025-05-12 13:30:00,1.79795798343464,25.007,24252.8
"233",2025-05-12 13:45:00,1.80534621360002,25.1,24379.1
"234",2025-05-12 14:00:00,1.80584467998587,25.184,24495.7
"235",2025-05-12 14:15:00,1.79337748838482,25.257,24589.2
"236",2025-05-12 14:30:00,1.79125128285467,25.319,24633.8
"237",2025-05-12 14:45:00,1.79371825317752,25.362,24629.4
"238",2025-05-12 15:00:00,1.786172321419,25.396,24640.3
"239",2025-05-12 15:15:00,1.79192013163686,25.414,24636.7
"240",2025-05-12 15:30:00,1.78798312376285,25.431,24658.4
"241",2025-05-12 15:45:00,1.7894658421172,25.452,24682.2
"242",2025-05-12 16:00:00,1.7894658421172,25.465,24701.7
"243",2025-05-12 16:15:00,1.78585691823268,25.468,24714.6
"244",2025-05-12 16:30:00,1.77863907046365,25.461,24708.8
"245",2025-05-12 16:45:00,1.76879655077862,25.451,24715.5
"246",2025-05-12 17:00:00,1.78471496467102,25.436,24703.5
"247",2025-05-12 17:15:00,1.77880945286,25.41,24697.4
"248",2025-05-12 17:30:00,1.77684094892299,25.381,24682.6
"249",2025-05-12 17:45:00,1.7784813688705,25.351,24646.5
"250",2025-05-12 18:00:00,1.77093543711197,25.311,24610.3
"251",2025-05-12 18:15:00,1.76995118514346,25.267,24565.5
"252",2025-05-12 18:30:00,1.78012178881801,25.214,24507.5
"253",2025-05-12 18:45:00,1.78209029275501,25.153,24438.7
"254",2025-05-12 19:00:00,1.78405879669202,25.082,24372
"255",2025-05-12 19:15:00,1.77601439854764,25.003,24284.4
"256",2025-05-12 19:30:00,1.78126374237966,24.92,24175.6
"257",2025-05-12 19:45:00,1.78684117020119,24.839,24090.6
"258",2025-05-12 20:00:00,1.77781252008831,24.763,24016.7
"259",2025-05-12 20:15:00,1.78142144397282,24.693,23929.2
"260",2025-05-12 20:30:00,1.78896737573135,24.618,23869.4
"261",2025-05-12 20:45:00,1.786172321419,24.547,23784
"262",2025-05-12 21:00:00,1.78978124530351,24.465,23706.3
"263",2025-05-12 21:15:00,1.79470250514603,24.368,23591.5
"264",2025-05-12 21:30:00,1.79321978679168,24.283,23500
"265",2025-05-12 21:45:00,1.79715679466569,24.188,23398.3
"266",2025-05-12 22:00:00,1.80010955057121,24.092,23303.9
"267",2025-05-12 22:15:00,1.80503081041373,23.995,23215.2
"268",2025-05-12 22:30:00,1.80354809205937,23.903,23130.6
"269",2025-05-12 22:45:00,1.80272154168401,23.825,23042.5
"270",2025-05-12 23:00:00,1.80567429758953,23.729,22944.7
"271",2025-05-12 23:15:00,1.80797088551603,23.648,22850
"272",2025-05-12 23:30:00,1.81289214535855,23.564,22766.6
"273",2025-05-12 23:45:00,1.81748532121157,23.478,22673.2
"274",2025-05-13,1.81814148919057,23.378,22552.7
"275",2025-05-13 00:15:00,1.81862727477323,23.292,22444.6
"276",2025-05-13 00:30:00,1.81993961073123,23.219,22377.6
"277",2025-05-13 00:45:00,1.82256428264724,23.135,22265.6
"278",2025-05-13 01:00:00,1.82453278658426,23.084,22191.2
"279",2025-05-13 01:15:00,1.82781362647926,22.998,22084.8
"280",2025-05-13 01:30:00,1.83076638238477,22.921,22018.1
"281",2025-05-13 01:45:00,1.83339105430079,22.874,21935.3
"282",2025-05-13 02:00:00,1.83142255036378,22.821,21873.3
"283",2025-05-13 02:15:00,1.83240680233229,22.756,21805.3
"284",2025-05-13 02:30:00,1.83043829839527,22.665,21706.8
"285",2025-05-13 02:45:00,1.8347033902588,22.573,21602.2
"286",2025-05-13 03:00:00,1.83404722227979,22.496,21514.5
"287",2025-05-13 03:15:00,1.8350314742483,22.433,21440.1
"288",2025-05-13 03:30:00,1.83404722227979,22.38,21371.2
"289",2025-05-13 03:45:00,1.83273488632179,22.345,21329.9
"290",2025-05-13 04:00:00,1.83732806217481,22.304,21275.5
"291",2025-05-13 04:15:00,1.83732806217481,22.276,21234.7
"292",2025-05-13 04:30:00,1.8366718941958,22.245,21193.6
"293",2025-05-13 04:45:00,1.82633090812491,22.256,21177.5
"294",2025-05-13 05:00:00,1.82633090812491,22.288,21164.8
"295",2025-05-13 05:15:00,1.82600282413541,22.306,21128.3
"296",2025-05-13 05:30:00,1.82534665615641,22.399,21143.7
"297",2025-05-13 05:45:00,1.82567474014591,22.379,21107
"298",2025-05-13 06:00:00,1.82862749605142,22.265,21023
"299",2025-05-13 06:15:00,1.82123926588605,22.222,20975.6
"300",2025-05-13 06:30:00,1.82812902966558,22.198,20937.3
"301",2025-05-13 06:45:00,1.82074079950019,22.267,21012
"302",2025-05-13 07:00:00,1.82566205934272,22.283,21032.1
"303",2025-05-13 07:15:00,1.81761766119834,22.258,20995.5
"304",2025-05-13 07:30:00,1.82680401290438,22.249,21000
"305",2025-05-13 07:45:00,1.8336937766839,22.227,20967.4
"306",2025-05-13 08:00:00,1.82958638641353,22.23,21027.8
"307",2025-05-13 08:15:00,1.82711941609068,22.222,21098.3
"308",2025-05-13 08:30:00,1.8307283399752,22.208,21101.1
"309",2025-05-13 08:45:00,1.84188319561824,22.12,21011.1
"310",2025-05-13 09:00:00,1.83187029353684,22.065,20948
"311",2025-05-13 09:15:00,1.83810388933736,22.09,20980.7
"312",2025-05-13 09:30:00,1.83465266704601,22.052,20986.9
"313",2025-05-13 09:45:00,1.83629308699351,21.936,20906.4
"314",2025-05-13 10:00:00,1.84646369066805,21.581,20522.3
"315",2025-05-13 10:15:00,1.84482327072055,21.406,20308.1
"316",2025-05-13 10:30:00,1.85072878253158,21.339,20240
"317",2025-05-13 10:45:00,1.84908836258406,21.352,20237.8
"318",2025-05-13 11:00:00,1.84908836258406,21.404,20282
"319",2025-05-13 11:15:00,1.85221150088592,21.516,20390.6
"320",2025-05-13 11:30:00,1.8459779050854,21.607,20466.2
"321",2025-05-13 11:45:00,1.83744772135837,21.712,20561.3
"322",2025-05-13 12:00:00,1.84286744758674,21.831,20676.2
"323",2025-05-13 12:15:00,1.8317125919437,21.956,20808.3
"324",2025-05-13 12:30:00,1.82679133210118,22.042,20890.7
"325",2025-05-13 12:45:00,1.83352339428754,22.131,20988.1
"326",2025-05-13 13:00:00,1.82072811869699,22.219,21100.4
"327",2025-05-13 13:15:00,1.82516359295687,22.296,21178.7
"328",2025-05-13 13:30:00,1.82811634886238,22.354,21233.2
"329",2025-05-13 13:45:00,1.82057041710385,22.416,21263
"330",2025-05-13 14:00:00,1.81499298928232,22.474,21342.2
"331",2025-05-13 14:15:00,1.81039981342931,22.538,21382.5
"332",2025-05-13 14:30:00,1.81352295173117,22.6,21437.4
"333",2025-05-13 14:45:00,1.81533375407503,22.656,21509.2
"334",2025-05-13 15:00:00,1.8084439902955,22.707,21576.7
"335",2025-05-13 15:15:00,1.80959862466035,22.761,21642.3
"336",2025-05-13 15:30:00,1.8114094270042,22.804,21711.4
"337",2025-05-13 15:45:00,1.80370579365251,22.843,21767.6
"338",2025-05-13 16:00:00,1.80846935190189,22.877,21806.5
"339",2025-05-13 16:15:00,1.80879743589139,22.901,21841.9
"340",2025-05-13 16:30:00,1.80026725216435,22.931,21877.3
"341",2025-05-13 16:45:00,1.81192057419325,22.957,21894.5
"342",2025-05-13 17:00:00,1.7994533825922,22.986,21927.9
"343",2025-05-13 17:15:00,1.80798356631924,23.02,21967.8
"344",2025-05-13 17:30:00,1.79650062668669,23.036,21995.1
"345",2025-05-13 17:45:00,1.79289170280218,23.026,22001.1
"346",2025-05-13 18:00:00,1.79486020673919,23.008,21982.4
"347",2025-05-13 18:15:00,1.79337748838482,22.98,21961.3
"348",2025-05-13 18:30:00,1.78467692226144,22.947,21932.7
"349",2025-05-13 18:45:00,1.7854907918336,22.9,21958.3
"350",2025-05-13 19:00:00,1.79500522752913,22.835,21881.7
"351",2025-05-13 19:15:00,1.78400807347924,22.77,21810.4
"352",2025-05-13 19:30:00,1.79762989944515,22.699,21718.8
"353",2025-05-13 19:45:00,1.79385059316428,22.625,21639.4
"354",2025-05-13 20:00:00,1.79516292912228,22.579,21574.8
"355",2025-05-13 20:15:00,1.80303694487031,22.541,21555.9
"356",2025-05-13 20:30:00,1.80697395274433,22.5,21461
"357",2025-05-13 20:45:00,1.79597679869445,22.461,21423.5
"358",2025-05-13 21:00:00,1.79646258427709,22.415,21353.4
"359",2025-05-13 21:15:00,1.79465178193325,22.37,21324
"360",2025-05-13 21:30:00,1.80547855358679,22.314,21380.4
"361",2025-05-13 21:45:00,1.81088559901195,22.248,21277.8
"362",2025-05-13 22:00:00,1.81482260688597,22.18,21290.5
"363",2025-05-13 22:15:00,1.8077624607101,22.122,21178.3
"364",2025-05-13 22:30:00,1.81432414050013,22.079,21015.6
"365",2025-05-13 22:45:00,1.81563647645814,22.029,20967.1
"366",2025-05-13 23:00:00,1.81316950613527,21.973,20906.3
"367",2025-05-13 23:15:00,1.81612226204078,21.93,20860
"368",2025-05-13 23:30:00,1.81710651400928,21.881,20792.4
"369",2025-05-13 23:45:00,1.82744750008018,21.835,20747.1
"370",2025-05-14,1.82416666018517,21.794,20699.2
"371",2025-05-14 00:15:00,1.81448184209327,21.75,20656.6
"372",2025-05-14 00:30:00,1.81809076597779,21.706,20603.6
"373",2025-05-14 00:45:00,1.8213716058728,21.661,20558.9
"374",2025-05-14 01:00:00,1.82432436177831,21.615,20497.3
"375",2025-05-14 01:15:00,1.8213716058728,21.574,20449.1
"376",2025-05-14 01:30:00,1.81677843001978,21.538,20405.4
"377",2025-05-14 01:45:00,1.82005926991479,21.508,20373.4
"378",2025-05-14 02:00:00,1.82005926991479,21.468,20327.6
"379",2025-05-14 02:15:00,1.8210435218833,21.429,20283.1
"380",2025-05-14 02:30:00,1.8207154378938,21.385,20236.1
"381",2025-05-14 02:45:00,1.81907501794629,21.345,20203.2
"382",2025-05-14 03:00:00,1.82563669773631,21.305,20158
"383",2025-05-14 03:15:00,1.82563669773631,21.268,20106.7
"384",2025-05-14 03:30:00,1.82694903369432,21.226,20060.6
"385",2025-05-14 03:45:00,1.82990178959983,21.181,20029.2
"386",2025-05-14 04:00:00,1.83187029353684,21.13,19955.1
"387",2025-05-14 04:15:00,1.83055795757883,21.074,19901.1
"388",2025-05-14 04:30:00,1.83055795757883,21.023,19840
"389",2025-05-14 04:45:00,1.82826136965232,20.969,19784.9
"390",2025-05-14 05:00:00,1.82957370561033,20.914,19734.9
"391",2025-05-14 05:15:00,1.83252646151584,20.866,19676.5
"392",2025-05-14 05:30:00,1.83449496545285,20.826,19629.6
"393",2025-05-14 05:45:00,1.83580730141085,20.779,19572.6
"394",2025-05-14 06:00:00,1.83711963736886,20.734,19536.4
"395",2025-05-14 06:15:00,1.83908814130587,20.692,19478.8
"396",2025-05-14 06:30:00,1.84302514917989,20.65,19436.8
"397",2025-05-14 06:45:00,1.84204089721138,20.616,19391.2
"398",2025-05-14 07:00:00,1.84040047726388,20.59,19362.1
"399",2025-05-14 07:15:00,1.83876005731636,20.58,19337.9
"400",2025-05-14 07:30:00,1.84400940114838,20.595,19325.7
"401",2025-05-14 07:45:00,1.84236898120088,20.607,19326.5
"402",2025-05-14 08:00:00,1.8336684150775,20.572,19303.8
"403",2025-05-14 08:15:00,1.83990201087803,20.519,19258.2
"404",2025-05-14 08:30:00,1.84285476678354,20.46,19211.4
"405",2025-05-14 08:45:00,1.84941644657356,20.384,19139.3
"406",2025-05-14 09:00:00,1.84366863635569,20.31,19066
"407",2025-05-14 09:15:00,1.84793372821921,20.272,19022.7
"408",2025-05-14 09:30:00,1.85187073609323,20.283,19032
"409",2025-05-14 09:45:00,1.84990223215623,20.326,19068
"410",2025-05-14 10:00:00,1.84957414816672,20.388,19144.1
"411",2025-05-14 10:15:00,1.84694947625071,20.455,19205.2
"412",2025-05-14 10:30:00,1.83529615422182,20.53,19269.5
"413",2025-05-14 10:45:00,1.84694947625071,20.624,19353.2
"414",2025-05-14 11:00:00,1.84334055236619,20.747,19450.4
"415",2025-05-14 11:15:00,1.83481036863916,20.892,19599.4
"416",2025-05-14 11:30:00,1.82545363453677,21.027,19736.4
"417",2025-05-14 11:45:00,1.83481036863916,21.145,19852.3
"418",2025-05-14 12:00:00,1.82693635289113,21.268,19997.3
"419",2025-05-14 12:15:00,1.81676574921659,21.402,20116.4
"420",2025-05-14 12:30:00,1.81053215341606,21.567,20300.2
"421",2025-05-14 12:45:00,1.82021697150795,21.709,20452.2
"422",2025-05-14 13:00:00,1.81168678778091,21.871,20623.8
"423",2025-05-14 13:15:00,1.80578127596989,22.024,20791.5
"424",2025-05-14 13:30:00,1.80020384814836,22.179,20955.1
"425",2025-05-14 13:45:00,1.79659492426386,22.349,21143
"426",2025-05-14 14:00:00,1.80201465049223,22.45,21269.4
"427",2025-05-14 14:15:00,1.79578105469169,22.559,21400
"428",2025-05-14 14:30:00,1.78725087096466,22.577,21398.5
"429",2025-05-14 14:45:00,1.79135826123504,22.731,21599.5
"430",2025-05-14 15:00:00,1.7818438255395,22.92,21826.2
"431",2025-05-14 15:15:00,1.78037378798833,23.179,22098.6
"432",2025-05-14 15:30:00,1.7728278562298,23.289,22203.4
"433",2025-05-14 15:45:00,1.77332632261567,23.363,22265
"434",2025-05-14 16:00:00,1.76873314676264,23.439,22368.4
"435",2025-05-14 16:15:00,1.76085913101461,23.57,22531.3
"436",2025-05-14 16:30:00,1.75790637510909,23.669,22670.4
"437",2025-05-14 16:45:00,1.76365418532697,23.768,22793.9
"438",2025-05-14 17:00:00,1.75906100947395,23.794,22831
"439",2025-05-14 17:15:00,1.75446783362094,23.877,22901.7
"440",2025-05-14 17:30:00,1.75643633755794,23.816,22854.7
"441",2025-05-14 17:45:00,1.76579307166033,23.794,22840.6
"442",2025-05-14 18:00:00,1.7598875598493,23.711,22759.8
"443",2025-05-14 18:15:00,1.76021564383881,23.654,22681.9
"444",2025-05-14 18:30:00,1.76054372782831,23.52,22547.4
"445",2025-05-14 18:45:00,1.76677732362883,23.36,22405.9
"446",2025-05-14 19:00:00,1.77235475145035,23.194,22196
"447",2025-05-14 19:15:00,1.7838376910829,23.093,21922.4
"448",2025-05-14 19:30:00,1.78121301916689,23.09,21909.3
"449",2025-05-14 19:45:00,1.77891643124038,23.179,21994.3
"450",2025-05-14 20:00:00,1.77826026326138,23.244,22048.1
"451",2025-05-14 20:15:00,1.77563559134536,23.24,22038.5
"452",2025-05-14 20:30:00,1.76988778112749,23.178,21959.4
"453",2025-05-14 20:45:00,1.78071455278103,23.121,21898.1
"454",2025-05-14 21:00:00,1.77693524650017,23.095,21822.1
"455",2025-05-14 21:15:00,1.77955991841618,23.108,21793.4
"456",2025-05-14 21:30:00,1.78054417038469,23.125,21782.6
"457",2025-05-14 21:45:00,1.7818565063427,23.111,21741.1
"458",2025-05-14 22:00:00,1.78382501027971,23.068,21670.7
"459",2025-05-14 22:15:00,1.7831688423007,23.001,21592.1
"460",2025-05-14 22:30:00,1.78382501027971,22.925,21508.5
"461",2025-05-14 22:45:00,1.7821845903322,22.848,21433.5
"462",2025-05-14 23:00:00,1.79022898847658,22.764,21321.9
"463",2025-05-14 23:15:00,1.78497964464456,22.674,21221.7
"464",2025-05-14 23:30:00,1.78694814858157,22.574,21113.7
"465",2025-05-14 23:45:00,1.79466446273644,22.498,21056.3
"466",2025-05-15,1.79433637874694,22.428,20983.9
"467",2025-05-15 00:15:00,1.79302404278894,22.364,20899.1
"468",2025-05-15 00:30:00,1.79138362284143,22.307,20849.9
"469",2025-05-15 00:45:00,1.79171170683093,22.265,20797.9
"470",2025-05-15 01:00:00,1.79072745486243,22.218,20748.7
"471",2025-05-15 01:15:00,1.7984437690173,22.17,20714
"472",2025-05-15 01:30:00,1.79778760103829,22.114,20649.3
"473",2025-05-15 01:45:00,1.79745951704879,22.06,20587.6
"474",2025-05-15 02:00:00,1.79385059316428,22.003,20523.6
"475",2025-05-15 02:15:00,1.79549101311179,21.945,20476.8
"476",2025-05-15 02:30:00,1.79122592124827,21.889,20425.1
"477",2025-05-15 02:45:00,1.79680334906979,21.829,20352.3
"478",2025-05-15 03:00:00,1.7990999369963,21.776,20302.7
"479",2025-05-15 03:15:00,1.80074035694381,21.723,20241.5
"480",2025-05-15 03:30:00,1.80205269290182,21.668,20237.7
"481",2025-05-15 03:45:00,1.79630488268396,21.616,20113.6
"482",2025-05-15 04:00:00,1.80221039449497,21.558,20059.5
"483",2025-05-15 04:15:00,1.80549123438998,21.494,19990.3
"484",2025-05-15 04:30:00,1.807459738327,21.436,19927.6
"485",2025-05-15 04:45:00,1.80138384411962,21.381,19863.4
"486",2025-05-15 05:00:00,1.80302426406713,21.328,19804.8
"487",2025-05-15 05:15:00,1.80039959215112,21.283,19748.9
"488",2025-05-15 05:30:00,1.81434950210652,21.234,19695
"489",2025-05-15 05:45:00,1.81008441024301,21.189,19646.2
"490",2025-05-15 06:00:00,1.80368043204613,21.143,19600
"491",2025-05-15 06:15:00,1.80860169188865,21.098,19542.7
"492",2025-05-15 06:30:00,1.81188253178367,21.054,19501.2
"493",2025-05-15 06:45:00,1.8064628055553,21.008,19437.9
"494",2025-05-15 07:00:00,1.80432391922193,20.972,19397.5
"495",2025-05-15 07:15:00,1.81252601895946,20.92,19337.4
"496",2025-05-15 07:30:00,1.81875961475998,20.873,19293.5
"497",2025-05-15 07:45:00,1.81202755257362,20.829,19241.8
"498",2025-05-15 08:00:00,1.81662072842663,20.788,19206.4
"499",2025-05-15 08:15:00,1.81990156832165,20.747,19158.9
"500",2025-05-15 08:30:00,1.81415375810377,20.711,19111.8
"501",2025-05-15 08:45:00,1.82038735390429,20.682,19077.1
"502",2025-05-15 09:00:00,1.81332720772842,20.649,19045.6
"503",2025-05-15 09:15:00,1.81595187964443,20.617,19017.9
"504",2025-05-15 09:30:00,1.81660804762343,20.61,19013.3
"505",2025-05-15 09:45:00,1.81956080352894,20.61,19009.9
"506",2025-05-15 10:00:00,1.81759229959194,20.657,19064.1
"507",2025-05-15 10:15:00,1.81332720772842,20.773,19171.5
"508",2025-05-15 10:30:00,1.80971828384391,20.915,19325.8
"509",2025-05-15 10:45:00,1.8087340318754,21.058,19486.5
"510",2025-05-15 11:00:00,1.80643744394889,21.183,19611.3
"511",2025-05-15 11:15:00,1.80250043607487,21.411,19840.8
"512",2025-05-15 11:30:00,1.79889151219037,21.623,20056.9
"513",2025-05-15 11:45:00,1.79331408436884,21.781,20249.7
"514",2025-05-15 12:00:00,1.79200174841083,21.92,20401.4
"515",2025-05-15 12:15:00,1.79036132846333,22.132,20622
"516",2025-05-15 12:30:00,1.78478390064181,22.294,20779.2
"517",2025-05-15 12:45:00,1.78051880877829,22.434,20931.2
"518",2025-05-15 13:00:00,1.77887838883078,22.549,21053.4
"519",2025-05-15 13:15:00,1.78200152713264,22.706,21251.8
"520",2025-05-15 13:30:00,1.7737994273951,22.867,21407.7
"521",2025-05-15 13:45:00,1.76789391558408,23.01,21568
"522",2025-05-15 14:00:00,1.76330073973106,23.187,21768.2
"523",2025-05-15 14:15:00,1.76609579404344,23.35,21956.7
"524",2025-05-15 14:30:00,1.76248687015892,23.491,22113.9
"525",2025-05-15 14:45:00,1.75526902238989,23.608,22245.5
"526",2025-05-15 15:00:00,1.75395668643189,23.72,22380.7
"527",2025-05-15 15:15:00,1.75675174074424,23.822,22499.3
"528",2025-05-15 15:30:00,1.7482215570172,23.927,22618.1
"529",2025-05-15 15:45:00,1.75232894728758,24.018,22736.7
"530",2025-05-15 16:00:00,1.74379876356055,24.082,22815.8
"531",2025-05-15 16:15:00,1.73887750371802,24.161,22903
"532",2025-05-15 16:30:00,1.74495339792539,24.224,22978.3
"533",2025-05-15 16:45:00,1.74381144436374,24.288,23051.4
"534",2025-05-15 17:00:00,1.73856210053172,24.336,23107.2
"535",2025-05-15 17:15:00,1.74135715484407,24.364,23130.3
"536",2025-05-15 17:30:00,1.73807631494905,24.386,23155.9
"537",2025-05-15 17:45:00,1.73413930707504,24.391,23162
"538",2025-05-15 18:00:00,1.73923094931391,24.382,23142.2
"539",2025-05-15 18:15:00,1.7359501094189,24.368,23126.6
"540",2025-05-15 18:30:00,1.72971651361837,24.342,23094.7
"541",2025-05-15 18:45:00,1.73677665979424,24.311,22955.8
"542",2025-05-15 19:00:00,1.72955881202522,24.271,22998.7
"543",2025-05-15 19:15:00,1.7372751261801,24.221,22951.8
"544",2025-05-15 19:30:00,1.73957171410661,24.168,22875.1
"545",2025-05-15 19:45:00,1.73957171410661,24.112,22817
"546",2025-05-15 20:00:00,1.73185539995173,24.054,22739.4
"547",2025-05-15 20:15:00,1.73644857580474,24.006,22690.6
"548",2025-05-15 20:30:00,1.73579240782574,23.949,22621.5
"549",2025-05-15 20:45:00,1.74038558367877,23.893,22550.7
"550",2025-05-15 21:00:00,1.74301025559478,23.836,22489.1
"551",2025-05-15 21:15:00,1.7359501094189,23.789,22927.1
"552",2025-05-15 21:30:00,1.73988711729292,23.739,22372.7
"553",2025-05-15 21:45:00,1.74119945325092,23.688,22343.1
"554",2025-05-15 22:00:00,1.74513646112494,23.635,22278
"555",2025-05-15 22:15:00,1.73807631494905,23.586,22215.1
"556",2025-05-15 22:30:00,1.74398182676008,23.535,22953.3
"557",2025-05-15 22:45:00,1.74430991074958,23.483,22102.2
"558",2025-05-15 23:00:00,1.74398182676008,23.423,22041
"559",2025-05-15 23:15:00,1.74332565878107,23.366,21964.3
"560",2025-05-15 23:30:00,1.75530706479947,23.317,21920.9
"561",2025-05-15 23:45:00,1.74299757479157,23.281,21921.4
"562",2025-05-16,1.7472626666551,23.227,21798.9
"563",2025-05-16 00:15:00,1.7472626666551,23.176,21743.5
"564",2025-05-16 00:30:00,1.75990024065249,23.117,21697
"565",2025-05-16 00:45:00,1.75858790469449,23.077,21646.2
"566",2025-05-16 01:00:00,1.75563514878898,23.038,21578.8
"567",2025-05-16 01:15:00,1.7472626666551,22.963,21501.8
"568",2025-05-16 01:30:00,1.74955925458161,22.868,21568.9
"569",2025-05-16 01:45:00,1.75382434644511,22.782,21510.8
"570",2025-05-16 02:00:00,1.76679000443202,22.718,21398.4
"571",2025-05-16 02:15:00,1.75546476639263,22.651,21329.4
"572",2025-05-16 02:30:00,1.75612093437163,22.566,21234
"573",2025-05-16 02:45:00,1.76908659235853,22.485,21147.6
"574",2025-05-16 03:00:00,1.76908659235853,22.405,21054.8
"575",2025-05-16 03:15:00,1.76744617241103,22.345,20988.1
"576",2025-05-16 03:15:00,1.76744617241103,22.345,20988.1
"577",2025-05-16 03:30:00,1.77549057055541,22.287,20918.4
"578",2025-05-16 03:45:00,1.7728658986394,22.236,20860.6
"579",2025-05-16 04:00:00,1.76219682857901,22.19,20802.2
"580",2025-05-16 04:15:00,1.77450631858689,22.145,20753.6
"581",2025-05-16 04:30:00,1.76646192044252,22.104,20700.6
"582",2025-05-16 04:45:00,1.76908659235853,22.054,20639.8
"583",2025-05-16 05:00:00,1.76941467634803,22.007,20584.4
"584",2025-05-16 05:15:00,1.77302360023255,21.968,20538.2
"585",2025-05-16 05:30:00,1.77433593619055,21.925,20495.9
"586",2025-05-16 05:45:00,1.77827294406457,21.883,20431.8
"587",2025-05-16 06:00:00,1.77285321783619,21.846,20386.5
"588",2025-05-16 06:15:00,1.76808965958683,21.809,20340.2
"589",2025-05-16 06:30:00,1.77268283543985,21.776,20306.5
"590",2025-05-16 06:45:00,1.77990068320889,21.741,20273
"591",2025-05-16 07:00:00,1.78154110315639,21.709,20301.8
"592",2025-05-16 07:15:00,1.772184369054,21.682,20191.6
"593",2025-05-16 07:30:00,1.77612137692802,21.652,20155.3
"594",2025-05-16 07:45:00,1.77743371288602,21.626,20126.6
"595",2025-05-16 08:00:00,1.78137072076004,21.601,20098.5
"596",2025-05-16 08:15:00,1.77496674256317,21.586,20078.5
"597",2025-05-16 08:30:00,1.77660716251068,21.564,20039.2
"598",2025-05-16 08:45:00,1.77660716251068,21.547,20035.6
"599",2025-05-16 09:00:00,1.77562291054218,21.536,20017.9
"600",2025-05-16 09:15:00,1.78596389661305,21.527,20004.9
"601",2025-05-16 09:30:00,1.78432347666555,21.523,20072.8
"602",2025-05-16 09:45:00,1.77267015463666,21.562,20009
"603",2025-05-16 10:00:00,1.77431057458416,21.664,20135.7
"604",2025-05-16 10:15:00,1.77693524650017,21.725,20091.6
"605",2025-05-16 10:30:00,1.76921893234529,21.693,20081.3
"606",2025-05-16 10:45:00,1.77151552027179,21.621,20113.2
"607",2025-05-16 11:00:00,1.77446827617731,21.599,20242.6
"608",2025-05-16 11:15:00,1.77610869612482,21.597,20045
"609",2025-05-16 11:30:00,1.77709294809332,21.603,20220.2
"610",2025-05-16 11:45:00,1.77610869612482,21.626,20073.2
"611",2025-05-16 12:00:00,1.7738121081983,21.672,20157.9
"612",2025-05-16 12:00:00,1.7738121081983,21.672,20157.9
"613",2025-05-16 12:15:00,1.7724997722403,21.762,20293.6
"614",2025-05-16 12:30:00,1.76856276436628,21.835,20299.4
"615",2025-05-16 12:45:00,1.77463865857366,21.88,20351.3
"616",2025-05-16 13:00:00,1.77612137692802,21.945,20414.6
"617",2025-05-16 13:15:00,1.76923161314848,22.035,20510.1
"618",2025-05-16 13:30:00,1.77137049948185,22.148,20633.4
"619",2025-05-16 13:45:00,1.76907391155535,22.289,20790.6
"620",2025-05-16 14:00:00,1.76054372782831,22.429,20943
"621",2025-05-16 14:15:00,1.75496630000679,22.574,21102.9
"622",2025-05-16 14:30:00,1.76465111809866,22.7,21248
"623",2025-05-16 14:45:00,1.75612093437163,22.801,21362.3
"624",2025-05-16 15:00:00,1.7511996745291,22.941,21528.1
"625",2025-05-16 15:15:00,1.74824691862359,23.092,21701.8
"626",2025-05-16 15:30:00,1.74398182676008,23.247,21868
"627",2025-05-16 15:45:00,1.73873248292806,23.344,21979.9
"628",2025-05-16 16:00:00,1.73906056691756,23.374,22014.9
"629",2025-05-16 16:15:00,1.73906056691756,23.389,22019.4
"630",2025-05-16 16:30:00,1.73512355904354,23.383,22005.2
"631",2025-05-16 16:45:00,1.74218370521942,23.368,21981.2
"632",2025-05-16 17:00:00,1.73726244537691,23.348,21954.5
"633",2025-05-16 17:15:00,1.73332543750289,23.319,21909.8
"634",2025-05-16 17:30:00,1.74104175165776,23.293,21884.3
"635",2025-05-16 17:45:00,1.74514914192813,23.274,21849.3
"636",2025-05-16 18:00:00,1.73301003431659,23.268,21831.9
"637",2025-05-16 18:15:00,1.74335102038748,23.279,21846.1
"638",2025-05-16 18:30:00,1.73842976054496,23.282,21849.3
"639",2025-05-16 18:45:00,1.73088382878643,23.277,21831.1
"640",2025-05-16 19:00:00,1.73482083666045,23.258,21803.5
"641",2025-05-16 19:15:00,1.73580508862895,23.223,21762
"642",2025-05-16 19:30:00,1.72776069048457,23.187,21712.1
"643",2025-05-16 19:45:00,1.73301003431659,23.138,21653.3
"644",2025-05-16 20:00:00,1.74121213405412,23.094,21621.8
"645",2025-05-16 20:15:00,1.74055596607511,23.051,21556.3
"646",2025-05-16 20:30:00,1.74154021804362,23.008,21499.9
"647",2025-05-16 20:45:00,1.72955881202522,22.97,21458
"648",2025-05-16 21:00:00,1.73349581989923,22.932,21408
"649",2025-05-16 21:15:00,1.73743282777325,22.888,21378.3
"650",2025-05-16 21:30:00,1.73857478133491,22.84,21304.9
"651",2025-05-16 21:45:00,1.74218370521942,22.784,21243.3
"652",2025-05-16 22:00:00,1.73413930707504,22.732,21183.4
"653",2025-05-16 22:15:00,1.74496607872859,22.685,21130.8
"654",2025-05-16 22:30:00,1.73987443648972,22.639,21090
"655",2025-05-16 22:45:00,1.74807653622725,22.596,21041.1
"656",2025-05-16 23:00:00,1.74742036824826,22.547,20983.3
"657",2025-05-16 23:15:00,1.74807653622725,22.495,20931.9
"658",2025-05-16 23:30:00,1.74676420026925,22.445,20871.1
"659",2025-05-16 23:45:00,1.75004504016427,22.392,20818.6
"660",2025-05-17,1.75004504016427,22.339,20759
"661",2025-05-17 00:15:00,1.75693480394379,22.295,20710
"662",2025-05-17 00:30:00,1.75020274175741,22.252,20660
"663",2025-05-17 00:45:00,1.74954657377842,22.214,20615.8
"664",2025-05-17 01:00:00,1.7595594758598,22.179,20571.9
"665",2025-05-17 01:15:00,1.74987465776791,22.135,20524.9
"666",2025-05-17 01:30:00,1.75610825356843,22.106,20520.9
"667",2025-05-17 01:45:00,1.75495361920359,22.075,20447.8
"668",2025-05-17 02:00:00,1.76529460527448,22.035,20400
"669",2025-05-17 02:15:00,1.75036044335057,21.985,20344.8
"670",2025-05-17 02:30:00,1.76627885724298,21.94,20293.1
"671",2025-05-17 02:45:00,1.76070142942146,21.894,20267.1
"672",2025-05-17 03:00:00,1.76710540761833,21.849,20234.8
"673",2025-05-17 03:15:00,1.76513690368132,21.812,20161.8
"674",2025-05-17 03:30:00,1.76004526144246,21.78,20124.6
"675",2025-05-17 03:45:00,1.76431035330597,21.749,20096.8
"676",2025-05-17 04:00:00,1.76463843729547,21.714,20052.4
"677",2025-05-17 04:15:00,1.75971717745296,21.673,20007.1
"678",2025-05-17 04:30:00,1.77104241549235,21.635,19952.9
"679",2025-05-17 04:45:00,1.76776157559733,21.595,19914.3
"680",2025-05-17 05:00:00,1.76070142942146,21.556,19862.6
"681",2025-05-17 05:15:00,1.76955969713799,21.517,19824
"682",2025-05-17 05:30:00,1.76053104702511,21.498,19787.9
"683",2025-05-17 05:45:00,1.76906123075214,21.475,19761.4
"684",2025-05-17 06:00:00,1.76774889479414,21.444,19720.1
"685",2025-05-17 06:15:00,1.76036066462875,21.41,19680.9
"686",2025-05-17 06:30:00,1.75986219824291,21.362,19640.1
"687",2025-05-17 06:45:00,1.76281495414842,21.321,19586.9
"688",2025-05-17 07:00:00,1.77446827617731,21.296,19572.4
"689",2025-05-17 07:15:00,1.76757851239778,21.274,19542.3
"690",2025-05-17 07:30:00,1.77643678011431,21.25,19515.7
"691",2025-05-17 07:45:00,1.78004570399883,21.231,19490.6
"692",2025-05-17 08:00:00,1.77840528405132,21.209,19467.7
"693",2025-05-17 08:15:00,1.76921893234529,21.188,19447
"694",2025-05-17 08:30:00,1.77003280191745,21.173,19422.6
"695",2025-05-17 08:45:00,1.77528214574947,21.155,19398.9
"696",2025-05-17 09:00:00,1.77528214574947,21.15,19394.4
"697",2025-05-17 09:15:00,1.77561022973897,21.156,19410.6
"698",2025-05-17 09:30:00,1.77725064968648,21.158,19398.4
"699",2025-05-17 09:45:00,1.77364172580197,21.162,19399.6
"700",2025-05-17 10:00:00,1.77134513787546,21.165,19406.8
"701",2025-05-17 10:15:00,1.76231648776256,21.16,19399.8
"702",2025-05-17 10:30:00,1.76658157962608,21.162,19391.5
"703",2025-05-17 10:45:00,1.76789391558408,21.168,19401.7
"704",2025-05-17 11:00:00,1.7715028394686,21.177,19402.1
"705",2025-05-17 11:15:00,1.7731432594161,21.183,19411.2
"706",2025-05-17 11:30:00,1.77215900744761,21.191,19420
"707",2025-05-17 11:45:00,1.7728151754266,21.195,19433
"708",2025-05-17 12:00:00,1.76789391558408,21.203,19433.5
"709",2025-05-17 12:15:00,1.76937663393845,21.217,19455.5
"710",2025-05-17 12:30:00,1.77348402420881,21.256,19489.7
"711",2025-05-17 12:45:00,1.77168590266815,21.337,19569
"712",2025-05-17 13:00:00,1.76102951341095,21.449,19680.6
"713",2025-05-17 13:15:00,1.76463843729547,21.594,19827.1
"714",2025-05-17 13:30:00,1.75971717745296,21.715,19955.3
"715",2025-05-17 13:45:00,1.75512400159994,21.841,20116
"716",2025-05-17 14:00:00,1.75085890973642,21.976,20282.9
"717",2025-05-17 14:15:00,1.74577994830075,22.082,20371.7
"718",2025-05-17 14:30:00,1.74398182676008,22.208,20492
"719",2025-05-17 14:45:00,1.73709206298055,22.347,20625.3
"720",2025-05-17 15:00:00,1.74087136926142,22.476,20743.2
"721",2025-05-17 15:15:00,1.72971651361837,22.577,20829.1
"722",2025-05-17 15:30:00,1.73054306399372,22.689,20914
"723",2025-05-17 15:45:00,1.72726222409871,22.778,20974.4
"724",2025-05-17 16:00:00,1.72972919442157,22.859,21023
"725",2025-05-17 16:15:00,1.72087092670503,22.923,21140
"726",2025-05-17 16:30:00,1.72891532484942,22.966,21109.7
"727",2025-05-17 16:45:00,1.7239940650069,23.004,21178.2
"728",2025-05-17 17:00:00,1.72383636341375,23.062,21161.8
"729",2025-05-17 17:15:00,1.71497809569721,23.088,21179.6
"730",2025-05-17 17:30:00,1.70972875186519,23.176,21273.4
"731",2025-05-17 17:45:00,1.7133376757497,23.245,21327.1
"732",2025-05-17 18:00:00,1.71530617968671,23.276,21356.1
"733",2025-05-17 18:15:00,1.71629043165522,23.255,21329.2
"734",2025-05-17 18:30:00,1.71119878941635,23.22,21286.6
"735",2025-05-17 18:45:00,1.71957127155023,23.173,21246
"736",2025-05-17 19:00:00,1.72186785947674,23.117,21214.1
"737",2025-05-17 19:15:00,1.72383636341375,23.049,21123.2
"738",2025-05-17 19:30:00,1.72777337128776,22.985,21028.9
"739",2025-05-17 19:45:00,1.73171037916178,22.917,20936.7
"740",2025-05-17 20:00:00,1.72514869937175,22.844,20871.9
"741",2025-05-17 20:15:00,1.71480771330086,22.781,20787.8
"742",2025-05-17 20:30:00,1.72202556106989,22.712,20708.5
"743",2025-05-17 20:45:00,1.7246502329859,22.642,20619
"744",2025-05-17 21:00:00,1.72825915687041,22.58,20547.9
"745",2025-05-17 21:15:00,1.72054284271553,22.523,20478.2
"746",2025-05-17 21:30:00,1.72972919442157,22.462,20397.1
"747",2025-05-17 21:45:00,1.72644835452656,22.401,20337.7
"748",2025-05-17 22:00:00,1.72776069048457,22.351,20283.6
"749",2025-05-17 22:15:00,1.7236533002142,22.296,20224.1
"750",2025-05-17 22:30:00,1.73907324772075,22.233,20150.7
"751",2025-05-17 22:45:00,1.73135693356588,22.163,20067.7
"752",2025-05-17 23:00:00,1.73857478133491,22.103,19994.8
"753",2025-05-17 23:15:00,1.74054328527192,22.043,19928
"754",2025-05-17 23:30:00,1.74054328527192,21.988,19870
"755",2025-05-17 23:45:00,1.72692145930601,21.94,19819.7
"756",2025-05-18,1.72823379526402,21.899,19766
"757",2025-05-18 00:15:00,1.73676397899105,21.86,19737.9
"758",2025-05-18 00:30:00,1.74135715484407,21.803,19698.4
"759",2025-05-18 00:45:00,1.73938865090706,21.745,19645.2
"760",2025-05-18 01:00:00,1.74234140681258,21.699,19593.8
"761",2025-05-18 01:15:00,1.75235430889396,21.657,19550.6
"762",2025-05-18 01:30:00,1.74644879708294,21.596,19494.9
"763",2025-05-18 01:45:00,1.74299757479157,21.522,19419
"764",2025-05-18 02:00:00,1.75596323277848,21.466,19359.1
"765",2025-05-18 02:15:00,1.74135715484407,21.414,19306.4
"766",2025-05-18 02:30:00,1.75005772096745,21.372,19268.8
"767",2025-05-18 02:45:00,1.74907346899895,21.328,19221.4
"768",2025-05-18 03:00:00,1.75169814091496,21.29,19177.4
"769",2025-05-18 03:15:00,1.75071388894646,21.243,19114.4
"770",2025-05-18 03:30:00,1.75366664485198,21.199,19069.6
"771",2025-05-18 03:45:00,1.75235430889396,21.156,19025.4
"772",2025-05-18 04:00:00,1.75661940075749,21.115,18999.2
"773",2025-05-18 04:15:00,1.75661940075749,21.077,18944.8
"774",2025-05-18 04:30:00,1.74988733857111,21.039,18901.5
"775",2025-05-18 04:45:00,1.75251201048712,20.994,18851.1
"776",2025-05-18 05:00:00,1.7511996745291,20.951,18799.8
"777",2025-05-18 05:15:00,1.75185584250811,20.906,18761.5
"778",2025-05-18 05:30:00,1.75415243043462,20.859,18705.5
"779",2025-05-18 05:45:00,1.75972985825614,20.818,18661.8
"780",2025-05-18 06:00:00,1.76399495011966,20.769,18674
"781",2025-05-18 06:15:00,1.75299779606978,20.731,18584
"782",2025-05-18 06:30:00,1.75020274175741,20.688,18536.5
"783",2025-05-18 06:45:00,1.75840484149494,20.651,18512.2
"784",2025-05-18 07:00:00,1.76562268926398,20.61,18453.4
"785",2025-05-18 07:15:00,1.76726310921148,20.571,18420.7
"786",2025-05-18 07:30:00,1.76693502522198,20.541,18388
"787",2025-05-18 07:45:00,1.7582344590986,20.507,18354
"788",2025-05-18 08:00:00,1.76446805489913,20.472,18325.2
"789",2025-05-18 08:15:00,1.76578039085713,20.432,18808.1
"790",2025-05-18 08:30:00,1.75675174074424,20.393,18557.6
"791",2025-05-18 08:45:00,1.76429767250277,20.351,18217.8
"792",2025-05-18 09:00:00,1.76396958851326,20.319,18477.4
"793",2025-05-18 09:15:00,1.76823468037678,20.305,18143.5
"794",2025-05-18 09:30:00,1.76593809245027,20.297,18120.7
"795",2025-05-18 09:45:00,1.76084645021142,20.334,18618
"796",2025-05-18 10:00:00,1.76051836622192,20.351,18406.6
"797",2025-05-18 10:15:00,1.76084645021142,20.318,19027.7
"798",2025-05-18 10:30:00,1.76347112212743,20.306,18149
"799",2025-05-18 10:45:00,1.76445537409593,20.314,18307.8
"800",2025-05-18 11:00:00,1.76576771005394,20.344,18197.8
"801",2025-05-18 11:15:00,1.76740813000144,20.371,18208.1
"802",2025-05-18 11:30:00,1.76740813000144,20.424,18289
"803",2025-05-18 11:45:00,1.75509863999353,20.474,18343.6
"804",2025-05-18 12:00:00,1.75837947988855,20.506,18381.3
"805",2025-05-18 12:15:00,1.75411438802503,20.577,18492.4
"806",2025-05-18 12:30:00,1.76019028223241,20.639,18546.3
"807",2025-05-18 12:45:00,1.76200108457626,20.695,18611.2
"808",2025-05-18 13:00:00,1.75740790872324,20.884,18835.9
"809",2025-05-18 13:15:00,1.75134469531908,21.436,19464.7
"810",2025-05-18 13:30:00,1.73067540398049,22.149,20043.3
"811",2025-05-18 13:45:00,1.71952054833745,22.636,20528.3
"812",2025-05-18 14:00:00,1.71870667876529,22.956,20841.2
"813",2025-05-18 14:15:00,1.70558331918524,23.219,21088.5
"814",2025-05-18 14:30:00,1.6947565475317,23.417,21281.9
"815",2025-05-18 14:45:00,1.70116052572858,23.572,21440.5
"816",2025-05-18 15:00:00,1.69131800604353,23.723,21607.4
"817",2025-05-18 15:15:00,1.68820754854486,23.821,21709.8
"818",2025-05-18 15:30:00,1.69034643487822,23.91,21831
"819",2025-05-18 15:45:00,1.6850970910462,23.95,21903.8
"820",2025-05-18 16:00:00,1.68592364142155,24.034,22017.2
"821",2025-05-18 16:15:00,1.68001812961052,24.239,22222.9
"822",2025-05-18 16:30:00,1.674440701789,24.215,22213.1
"823",2025-05-18 16:45:00,1.68051659599637,24.155,22137.4
"824",2025-05-18 17:00:00,1.67822000806986,24.1,22102.3
"825",2025-05-18 17:15:00,1.68068697839273,24.095,22102.7
"826",2025-05-18 17:30:00,1.67937464243472,24.016,22056.9
"827",2025-05-18 17:45:00,1.68134314637173,23.949,22009
"828",2025-05-18 18:00:00,1.6867628726001,23.92,21960.4
"829",2025-05-18 18:15:00,1.68151352876808,23.994,21989.6
"830",2025-05-18 18:30:00,1.67495184897805,24.08,22018.7
"831",2025-05-18 18:45:00,1.67856077286257,24.091,22038.6
"832",2025-05-18 19:00:00,1.67150062668669,23.964,21946.9
"833",2025-05-18 19:15:00,1.68068697839273,23.763,21742.9
"834",2025-05-18 19:30:00,1.68265548232974,23.608,21570.2
"835",2025-05-18 19:45:00,1.69282608600427,23.463,21440.4
"836",2025-05-18 20:00:00,1.6864221078074,23.311,21288.6
"837",2025-05-18 20:15:00,1.69659271148194,23.135,21100.6
"838",2025-05-18 20:30:00,1.70413864324047,23.016,20894.4
"839",2025-05-18 20:45:00,1.70709139914598,22.93,20687
"840",2025-05-18 21:00:00,1.70626484877062,22.892,20600.1
"841",2025-05-18 21:15:00,1.69854853461575,22.952,20554.5
"842",2025-05-18 21:30:00,1.69789236663674,22.911,20510.2
"843",2025-05-18 21:45:00,1.69378497636638,22.853,20453.9
"844",2025-05-18 22:00:00,1.71018917584144,22.836,20430.3
"845",2025-05-18 22:15:00,1.70378519764459,22.847,20374.1
"846",2025-05-18 22:30:00,1.70280094567607,22.836,20347
"847",2025-05-18 22:45:00,1.71182959578895,22.841,20350.8
"848",2025-05-18 23:00:00,1.70986109185195,22.848,20373.4
"849",2025-05-18 23:15:00,1.70723641993593,22.849,20360.8
"850",2025-05-18 23:30:00,1.6990343201984,22.842,20351
"851",2025-05-18 23:45:00,1.7103595582378,22.838,20328.6
"852",2025-05-19,1.7116718941958,22.834,20328.4
"853",2025-05-19 00:15:00,1.70707871834279,22.826,20307.7
"854",2025-05-19 00:30:00,1.6980500682299,22.81,20270.1
"855",2025-05-19 00:45:00,1.70493983200942,22.78,20235.2
"856",2025-05-19 01:00:00,1.70493983200942,22.739,20185.1
"857",2025-05-19 01:15:00,1.70806297031128,22.693,20107.1
"858",2025-05-19 01:30:00,1.70543829839527,22.648,20056.5
"859",2025-05-19 01:45:00,1.70511021440578,22.599,19977.6
"860",2025-05-19 02:00:00,1.71020185664464,22.546,19932.3
"861",2025-05-19 02:15:00,1.70823335270764,22.507,19983
"862",2025-05-19 02:30:00,1.70462442882312,22.453,19856.3
"863",2025-05-19 02:45:00,1.70626484877062,22.393,19954.5
"864",2025-05-19 03:00:00,1.70593676478112,22.334,19736.9
"865",2025-05-19 03:15:00,1.70281362647926,22.282,19781.3
"866",2025-05-19 03:30:00,1.7113438102063,22.23,19817.5
"867",2025-05-19 03:45:00,1.71265614616431,22.164,19797.9
"868",2025-05-19 04:00:00,1.71790548999633,22.089,19731.1
"869",2025-05-19 04:15:00,1.70953300786245,22.014,19684.4
"870",2025-05-19 04:30:00,1.71543851967347,21.941,19615.3
"871",2025-05-19 04:45:00,1.71445426770497,21.867,19543
"872",2025-05-19 05:00:00,1.71740702361048,21.795,19463.3
"873",2025-05-19 05:15:00,1.72134403148448,21.725,19394
"874",2025-05-19 05:30:00,1.71970361153699,21.654,19323.7
"875",2025-05-19 05:45:00,1.72790571127452,21.584,19252.8
"876",2025-05-19 06:00:00,1.72150173307765,21.519,19222.4
"877",2025-05-19 06:15:00,1.72642299292017,21.457,19159.7
"878",2025-05-19 06:30:00,1.7196909307338,21.401,19093.4
"879",2025-05-19 06:45:00,1.72017671631644,21.348,19041.2
"880",2025-05-19 07:00:00,1.72476989216947,21.292,18967
"881",2025-05-19 07:15:00,1.7232871738151,21.239,18911.7
"882",2025-05-19 07:30:00,1.73181735754214,21.185,18827.6
"883",2025-05-19 07:45:00,1.72574146333478,21.136,19207.2
"884",2025-05-19 08:00:00,1.73000655519829,21.098,19361.1
"885",2025-05-19 08:15:00,1.73525589903031,21.054,18723.6
"886",2025-05-19 08:30:00,1.73410126466545,21.023,18753.4
"887",2025-05-19 08:45:00,1.73541360062345,21.01,18713.1
"888",2025-05-19 09:00:00,1.72605686652107,21.006,18699.2
"889",2025-05-19 09:15:00,1.73606976860246,21.003,18710.2
"890",2025-05-19 09:30:00,1.73508551663395,21.005,18973.7
"891",2025-05-19 09:45:00,1.73278892870744,21.032,18690
"892",2025-05-19 10:00:00,1.73147659274944,21.06,18725.4
"893",2025-05-19 10:15:00,1.73410126466545,21.081,19208.5
"894",2025-05-19 10:30:00,1.72622724891742,21.12,18764.4
"895",2025-05-19 10:45:00,1.72786766886492,21.176,18827
"896",2025-05-19 11:00:00,1.72688341689642,21.241,18889.6
"897",2025-05-19 11:15:00,1.71555817885703,21.305,18952.5
"898",2025-05-19 11:30:00,1.71851093476254,21.374,19059.3
"899",2025-05-19 11:45:00,1.71982327072055,21.441,19672.4
"900",2025-05-19 12:00:00,1.72179177465755,21.506,19183.5
"901",2025-05-19 12:15:00,1.72721150088592,21.576,19285.9
"902",2025-05-19 12:30:00,1.71540047726388,21.672,19369
"903",2025-05-19 12:45:00,1.72049211950276,21.794,19516.5
"904",2025-05-19 13:00:00,1.70868109588071,21.989,19782.3
"905",2025-05-19 13:15:00,1.71344465413006,22.163,20047.6
"906",2025-05-19 13:30:00,1.70327405045552,22.324,20226.8
"907",2025-05-19 13:45:00,1.70213209689388,22.595,20551.5
"908",2025-05-19 14:00:00,1.69753892104086,23.064,20980.3
"909",2025-05-19 14:15:00,1.69377229556319,23.503,21408.7
"910",2025-05-19 14:30:00,1.67671192810912,23.941,21801.1
"911",2025-05-19 14:45:00,1.67130488268396,24.275,22123.1
"912",2025-05-19 15:00:00,1.6581815231039,24.496,22341.7
"913",2025-05-19 15:15:00,1.65966424145824,24.599,22463.8
"914",2025-05-19 15:30:00,1.66442779970761,24.616,22511
"915",2025-05-19 15:45:00,1.65425719603307,24.758,22671.4
"916",2025-05-19 16:00:00,1.64802360023255,24.943,22901.4
"917",2025-05-19 16:15:00,1.64163230283886,25.148,23135.3
"918",2025-05-19 16:30:00,1.64639586108824,25.273,23276.8
"919",2025-05-19 16:45:00,1.64081843326672,25.285,23311.7
"920",2025-05-19 17:00:00,1.63786567736121,25.229,23258.9
"921",2025-05-19 17:15:00,1.64049034927721,25.14,23189.2
"922",2025-05-19 17:30:00,1.65050325135861,25.025,23103
"923",2025-05-19 17:45:00,1.63852184534021,24.821,22935.5
"924",2025-05-19 18:00:00,1.65378409125362,24.636,22769.6
"925",2025-05-19 18:15:00,1.65903343508564,24.42,22564.5
"926",2025-05-19 18:30:00,1.66100193902265,24.238,22350.4
"927",2025-05-19 18:45:00,1.66067385503315,24.106,22087.5
"928",2025-05-19 19:00:00,1.66461086290716,23.936,21877.4
"929",2025-05-19 19:15:00,1.66854787078118,23.699,21597.3
"930",2025-05-19 19:30:00,1.66854787078118,23.589,21460.5
"931",2025-05-19 19:45:00,1.66657936684417,23.534,21379.4
"932",2025-05-19 20:00:00,1.66789170280218,23.519,21316.5
"933",2025-05-19 20:15:00,1.6614877246053,23.52,21268.5
"934",2025-05-19 20:30:00,1.6631281445528,23.541,21269.2
"935",2025-05-19 20:45:00,1.66640898444782,23.563,21211.3
"936",2025-05-19 21:00:00,1.66804940439533,23.599,21221.3
"937",2025-05-19 21:15:00,1.67067407631134,23.674,21326.8
"938",2025-05-19 21:30:00,1.65836458630343,23.718,21380.2
"939",2025-05-19 21:45:00,1.66197351018795,23.746,21392.9
"940",2025-05-19 22:00:00,1.66459818210396,23.781,21431.4
"941",2025-05-19 22:15:00,1.66230159417745,23.793,21440.8
"942",2025-05-19 22:30:00,1.66295776215645,23.806,21451.2
"943",2025-05-19 22:45:00,1.66591051806196,23.806,21461.9
"944",2025-05-19 23:00:00,1.66066117422994,23.813,21454.1
"945",2025-05-19 23:15:00,1.66295776215645,23.813,21456.5
"946",2025-05-19 23:30:00,1.66033309024044,23.816,21453
"947",2025-05-19 23:45:00,1.66903365636383,23.815,21439.1
"948",2025-05-20,1.67001790833233,23.819,21431.1
"949",2025-05-20 00:15:00,1.66083155662629,23.8,21395.8
"950",2025-05-20 00:30:00,1.6618158085948,23.776,21347.3
"951",2025-05-20 00:45:00,1.67182871067619,23.744,21302.1
"952",2025-05-20 01:00:00,1.65755071673128,23.704,21249.6
"953",2025-05-20 01:15:00,1.66723553482318,23.659,21195.2
"954",2025-05-20 01:30:00,1.66231427498066,23.622,21167.8
"955",2025-05-20 01:45:00,1.66231427498066,23.612,21166.2
"956",2025-05-20 02:00:00,1.65739301513813,23.56,21121
"957",2025-05-20 02:15:00,1.65870535109614,23.512,21064.5
"958",2025-05-20 02:30:00,1.66970250514603,23.459,21161.1
"959",2025-05-20 02:45:00,1.67035867312503,23.42,21167.1
"960",2025-05-20 03:00:00,1.66806208519852,23.381,21168.3
"961",2025-05-20 03:15:00,1.66707783323002,23.333,21109.6
"962",2025-05-20 03:30:00,1.67003058913553,23.278,21064
"963",2025-05-20 03:45:00,1.67363951302005,23.22,21015.5
"964",2025-05-20 04:00:00,1.66756361881268,23.185,20984.5
"965",2025-05-20 04:15:00,1.66854787078118,23.145,20966
"966",2025-05-20 04:30:00,1.67150062668669,23.113,20940.8
"967",2025-05-20 04:45:00,1.6731410466342,23.067,20880.9
"968",2025-05-20 05:00:00,1.66608090045832,23.03,20833.2
"969",2025-05-20 05:15:00,1.66772132040582,22.985,20795
"970",2025-05-20 05:30:00,1.67559533615385,22.903,20716.3
"971",2025-05-20 05:45:00,1.67526725216435,22.846,20695.3
"972",2025-05-20 06:00:00,1.67395491620635,22.782,20599.3
"973",2025-05-20 06:15:00,1.66591051806196,22.702,20515.4
"974",2025-05-20 06:30:00,1.67050369391498,22.617,20586.5
"975",2025-05-20 06:45:00,1.675753037747,22.579,20539.3
"976",2025-05-20 07:00:00,1.6767372897155,22.579,20513.9
"977",2025-05-20 07:15:00,1.67870579365251,22.565,20487.7
"978",2025-05-20 07:30:00,1.67098947949764,22.52,20466.7
"979",2025-05-20 07:45:00,1.67230181545565,22.461,20411.2
"980",2025-05-20 08:00:00,1.67689499130866,22.345,20300.9
"981",2025-05-20 08:15:00,1.68083199918268,22.245,20209.3
"982",2025-05-20 08:30:00,1.68903409892021,22.155,20122.5
"983",2025-05-20 08:45:00,1.68295820471283,22.093,20057.6
"984",2025-05-20 09:00:00,1.68230203673384,22.062,20018.2
"985",2025-05-20 09:15:00,1.68394245668134,22.041,20003.8
"986",2025-05-20 09:30:00,1.68164586875483,22.049,20004.7
"987",2025-05-20 09:45:00,1.68164586875483,22.079,20049.2
"988",2025-05-20 10:00:00,1.68969026689921,22.111,20107.8
"989",2025-05-20 10:15:00,1.6850970910462,22.159,20106.9
"990",2025-05-20 10:30:00,1.68345667109869,22.214,20158
"991",2025-05-20 10:45:00,1.68280050311969,22.331,20259.3
"992",2025-05-20 11:00:00,1.68280050311969,22.451,20375.1
"993",2025-05-20 11:15:00,1.6737718530068,22.53,20443.2
"994",2025-05-20 11:30:00,1.6747561049753,22.59,20515.6
"995",2025-05-20 11:45:00,1.67180334906979,22.639,20574
"996",2025-05-20 12:00:00,1.6754122729543,22.694,20673.6
"997",2025-05-20 12:15:00,1.66950676114328,22.762,20766.8
"998",2025-05-20 12:30:00,1.66163274539525,22.842,20867.1
"999",2025-05-20 12:45:00,1.66770863960262,22.892,20912.8
"1000",2025-05-20 13:00:00,1.66409971571812,22.967,20984.8
